bron_id,naam,organisatie,url,bron_type,licentie,frequentie,machinaal,opmerking
vlpar-search-api,Vlaams Parlement — Document Search API,Vlaams Parlement,https://ws.vlpar.be/api/search/query/{term}?collection=vp_collection&page=1&max=50&sort=date,api,Modellicentie Gratis Hergebruik v1.0,doorlopend,"JSON; metatags per hit: aggregaattype, thema, zittingsjaar, document (PDF), opendata (XML). Swagger: https://ws.vlpar.be/v3/api-docs","Primaire machinale ingang: schriftelijke vragen, vragen om uitleg, Rekenhof-verslagen, BBT's en begrotingsstukken. 'wachtlijst' -> 12.552 hits (2026-10-01)."
vlpar-opendata,Vlaams Parlement — open data XML per entiteit,Vlaams Parlement,http://ws.vlpar.be/e/opendata/{soort}/{id},api,Modellicentie Gratis Hergebruik v1.0,doorlopend,"soort = schv (schriftelijke vraag), vi, jln, vv, verg; XML met PDF-link",Documentatie: https://www.vlaamsparlement.be/nl/parlementair-werk/dossiers/dossiers/open-data
vlpar-docs,Vlaams Parlement — parlementaire documenten (PDF),Vlaams Parlement,https://docs.vlaamsparlement.be/files/pfile?id={pfile-id},pdf,Modellicentie Gratis Hergebruik v1.0,doorlopend,pfile-id uit metatag 'document'; tekst via pdfplumber,"Antwoorden op schriftelijke vragen, BBT's, uitgavenbegroting (stuk 15), Rekenhof (stuk 16/36)."
vlpar-begroting-dossier,Vlaams Parlement — dossier Begroting {jaar},Vlaams Parlement,https://www.vlaamsparlement.be/nl/parlementair-werk/dossiers/dossiers/begroting-2026,html,,"jaarlijks (BO okt, BA apr)","HTML-scrape -> PDF's; stuk 13-x = BBT, 15 = uitgavenbegroting (+Bijlage 2 rechtspersonen), 16 = Rekenhof, 19 = aanpassing, 23-x = BBT uitvoering",Geen open data per begrotingsartikel; enkel PDF. ISE-tabellen in BBT's zijn regelmatig genoeg voor tabelextractie.
themis,Themis — besluitvorming Vlaamse Regering (open data),Departement Kanselarij en Buitenlandse Zaken,https://themis.vlaanderen.be/,api,,per ministerraad,JSON:API /catalogs -> /datasets -> /distributions (Turtle); PDF via /files/{id}/download,Bevat BBT's als mededeling aan de VR (bv. BBT WVG BO 2026 = VR 2025 2410 MED.0443-1).
codex-api,Vlaamse Codex Open Data API,Vlaamse overheid,https://codex.opendata.api.vlaanderen.be/,api,,doorlopend,GET /api/WetgevingDocument/Zoeken?Zoekterm=…; /api/WetgevingDocument/{id}/Structuur,Juridische grondslag per voorziening (bv. BVR 27-11-2015 PVB; BWHI = document 1004736).
datavindplaats,Datavindplaats (Vlaamse open-datacatalogus),Digitaal Vlaanderen,https://www.vlaanderen.be/datavindplaats/catalogus?q=wachtlijst,html,,doorlopend,API https://datavindplaats.api.vlaanderen.be (DCAT-AP-VL),Zoekterm 'wachtlijst' -> 0 datasets (2026-10-01): geen open dataset wachtlijsten.
statistiek-vlaanderen,Statistiek Vlaanderen — uitgaven Vlaamse overheid (COFOG),Statistiek Vlaanderen,https://www.vlaanderen.be/statistiek-vlaanderen/overheidsfinancien/uitgaven-vlaamse-overheid,html,,jaarlijks,HTML + bevragingsmodule; geen API,"Macro-check: 'sociale bescherming' ≈ 27 % van 64,7 mld (2025). Geen detail per voorziening."
dfb-begroting,Departement Financiën en Begroting — begroting in cijfers,Departement Financiën en Begroting,https://www.vlaanderen.be/departement-financien-en-begroting/begroting/in-cijfers/uitgaven,dashboard,,per begrotingsronde,Datawrapper-embeds (dataset.csv niet geverifieerd),Enkel totalen per beleidsdomein; algemene rekening als PDF.
vaph-cijfers-2025,Het VAPH in cijfers 2025,VAPH,https://publicaties.vlaanderen.be/view-file/85057,pdf,,jaarlijks (juni),"PDF, pdfplumber; patroon 'Op 31 december JJJJ waren N personen …'","PDF-versie 1 juni 2026. Bevat wachtlijst (p. 34), terbeschikkingstellingen (p. 36) én budget (p. 70-71)."
vaph-cijfers-2022,Het VAPH in cijfers 2022,VAPH,https://publicaties.vlaanderen.be/view-file/57023,pdf,,jaarlijks,PDF,PDF-versie 19 juni 2023.
vaph-cijfers-2021,Het VAPH in cijfers 2021,VAPH,https://publicaties.vlaanderen.be/view-file/50259,pdf,,jaarlijks,PDF,Versie 30 mei 2022.
vaph-cijfers-2019,Het VAPH in cijfers 2019,VAPH,https://publicaties.vlaanderen.be/view-file/42019,pdf,,jaarlijks,PDF,Versie 4 juni 2020.
vaph-jaarverslag-2024,VAPH jaarverslag 2024 (HTML),VAPH,https://extranet.vaph.be/jaarverslag/2024/pages/25,html,,jaarlijks,"extranet.vaph.be/jaarverslag/{jaar}/pages/{n}; 'Prioriteitengroepen' = pages/25, 'Terbeschikkingstellingen' = pages/26, 'Inzet middelen' = pages/78",www.vaph.be blokkeert bots (403); extranet niet.
vaph-jaarverslag-2024-h1,VAPH jaarverslag 2024 — eerste jaarhelft (HTML),VAPH,https://extranet.vaph.be/jaarverslag/2024-eerste-jaarhelft/pages/25/,html,,halfjaarlijks,idem,
vaph-jaarverslag-2023,VAPH jaarverslag 2023 (HTML),VAPH,https://extranet.vaph.be/jaarverslag/2023/pages/25,html,,jaarlijks,'Prioriteitengroepen' = pages/25; 'Inzet middelen' = pages/42,
vaph-jaarverslag-2022,VAPH jaarverslag 2022 (HTML) — Evolutie in ondersteuning,VAPH,https://extranet.vaph.be/jaarverslag/2022/pages/54/,html,,jaarlijks,jaarreekstabel 2018-2022,Tabelwaarden wijken voor 2019/2021 licht af van de jaar-PDF's (personen vs vragen?).
vaph-financieel-2024,VAPH financieel verslag 2024,VAPH,https://extranet.vaph.be/jaarverslag/2024/media/files/financieel-verslag-2024-in-lay-out.pdf,pdf,,jaarlijks,,
vaph-financieel-2023,VAPH financieel verslag 2023,VAPH,https://extranet.vaph.be/jaarverslag/2023/media/files/financieel-verslag-2023-in-lay-out-definitief.pdf,pdf,,jaarlijks,,
vlpar-uitgavenbegroting-2025,Ontwerp van decreet houdende de uitgavenbegroting 2025 — stuk 15 (2024-2025) nr. 1,Vlaams Parlement,https://docs.vlaamsparlement.be/files/pfile?id=2078969,pdf,,jaarlijks,PDF; artikeltabellen VAK/VEK in k€,Ingediend 8-11-2024; decreet 20-12-2024.
vlpar-plenaire-2026-04-01,Plenaire vergadering Vlaams Parlement 1 april 2026 — verslag,Vlaams Parlement,https://www.vlaamsparlement.be/nl/parlementair-werk/plenaire-vergaderingen/2010388/verslag/2019101,html,,eenmalig,,
vlpar-sv-125-2022,"Schriftelijke vraag nr. 125 (Van der Vloet, 28-10-2022) — PVB prioriteitengroep 1",Vlaams Parlement,https://docs.vlaamsparlement.be/files/pfile?id=1896316,pdf,,eenmalig,,
opgroeien-nrtj,Opgroeien — aanvragen crisisjeugdhulp en niet-rechtstreeks toegankelijke jeugdhulp (cijferrapport),Agentschap Opgroeien,https://www.opgroeien.be/kennis/cijfers-en-onderzoek/aanvragen-crisisjeugdhulp-en-niet-rechtstreeks-toegankelijke-jeugdhulp,html,,jaarlijks (cijfers 31/12 verschijnen ± januari–juli),HTML met vaste zinsstructuur 'Op 31 december JJJJ stonden in totaal N kinderen en jongeren op een NRTJ-wachtlijst'; Power BI 'cijfers op maat' zonder download,"Laatst gewijzigd 16-07-2026. Definitie 2025 expliciet 'inclusief wachtend op zorg door een MFC, exclusief PAB'."
vlpar-sv-213-2026,"Schriftelijke vraag nr. 213 (Naji, 30-01-2026) — kandidaat-huurders sociale huur",Vlaams Parlement,https://docs.vlaamsparlement.be/files/pfile?id=2291613,pdf,,eenmalig,,
agii-jaarverslag-2023,AgII — jaarverslag 2023,Agentschap Integratie en Inburgering,https://integratie-inburgering.be/sites/default/files/2024-06/AgII_Jaarverslag_2023.pdf,pdf,,jaarlijks,,29-03-2024; laatste jaarverslag met wacht-KPI
vdab-maatwerk-toelichting,VDAB — toelichting indicering en toeleiding collectief maatwerk (commissie 19-03-2025),VDAB / Vlaams Parlement,https://docs.vlaamsparlement.be/files/pfile?id=2118435,pdf,,eenmalig,,
vsb-dossiers,Departement Zorg — aantal dossiers zorgbudgetten Vlaamse sociale bescherming,Departement Zorg / VSB,https://www.departementzorg.be/nl/aantal-dossiers-zorgbudgetten-vlaamse-sociale-bescherming,download,,jaarlijks,Excel per jaar + ZIP draaitabellen (2017-2024),
rekenhof-begroting-2026,Rekenhof — verslag over het onderzoek van de Vlaamse begroting 2026 (stuk 16 (2025-2026) nr. 1),Rekenhof,https://docs.vlaamsparlement.be/files/pfile?id=2235038,pdf,,jaarlijks,,ccrek.be blokkeert bots; Rekenhof-verslagen zijn via de Parlement-API bereikbaar (aggregaattype 'Verslag van het Rekenhof').
grip-wachtlijst-2022,GRIP vzw — 'Verbetering in wachtlijst nog niet vast te stellen' (6-5-2022),GRIP vzw (secundair),https://www.gripvzw.be/nl/artikel/549/verbetering-in-wachtlijst-nog-niet-vast-te-stellen,html,,eenmalig,,Citeert VAPH-halfjaarverslagen; secundaire bron.
vrt-2026-05-25,VRT NWS 25-5-2026 — 'nog altijd 18.000 mensen op wachtlijst',VRT (secundair),https://www.vrt.be/vrtnws/nl/2026/05/25/18-000-mensen-met-een-handicap-wachten-op-persoonlijk-budget/,html,,eenmalig,,
wiv-jaarverslag-2025-toegang,"Wonen in Vlaanderen — Jaarverslag 2025, Gelijke toegang tot wonen",Agentschap Wonen in Vlaanderen,https://www.vlaanderen.be/wonen-in-vlaanderen/onderzoek-en-cijfers-wonen/jaarverslag-2025/gelijke-toegang-tot-wonen,html,,jaarlijks,HTML scrapebaar; PDF-steekkaarten op assets.vlaanderen.be,
wiv-jaarverslag-2025-aanbod,"Wonen in Vlaanderen — Jaarverslag 2025, Woonaanbod afgestemd op de vraag",Agentschap Wonen in Vlaanderen,https://www.vlaanderen.be/wonen-in-vlaanderen/onderzoek-en-cijfers-wonen/jaarverslag-2025/woonaanbod-afgestemd-op-de-vraag,html,,jaarlijks,,
wiv-jaarverslag-2025-betaalbaar,"Wonen in Vlaanderen — Jaarverslag 2025, Betaalbaar wonen",Agentschap Wonen in Vlaanderen,https://www.vlaanderen.be/wonen-in-vlaanderen/onderzoek-en-cijfers-wonen/jaarverslag-2025/betaalbaar-wonen,html,,jaarlijks,,
wiv-jaarverslag-2024-toegang,"Wonen in Vlaanderen — Jaarverslag 2024, Gelijke toegang tot wonen",Agentschap Wonen in Vlaanderen,https://www.vlaanderen.be/wonen-in-vlaanderen/onderzoek-en-cijfers-wonen/jaarverslag-2024/gelijke-toegang-tot-wonen,html,,jaarlijks,,
wiv-jaarverslag-2024-aanbod,"Wonen in Vlaanderen — Jaarverslag 2024, Woonaanbod afgestemd op de vraag",Agentschap Wonen in Vlaanderen,https://www.vlaanderen.be/wonen-in-vlaanderen/onderzoek-en-cijfers-wonen/jaarverslag-2024/woonaanbod-afgestemd-op-de-vraag,html,,jaarlijks,,
wiv-cijfers-tot-2023,"Wonen in Vlaanderen — kandidaat-huurders, cijfers tot 2023 (Excel-tabellen 2022)",Agentschap Wonen in Vlaanderen,https://www.vlaanderen.be/sociaal-woonbeleid/cijfers/oudere-cijfers-over-sociaal-wonen/kandidaat-huurders-cijfers-tot-2023,download,,jaarlijks (gestopt 2022),"18 Excel-tabellen op assets.vlaanderen.be (Tabel 1 totaal per jaar, 11 toewijzingen, 12 wachttijden, 18 schrappingen); URL bevat versie-hash",Reeks 2018-2022 gelezen uit Tabel 1 op 2026-10-01 (lokale kopie in data/raw/wonen/).
wiv-powerbi-kandidaat-huurders,Wonen in Vlaanderen — Power BI kandidaat-huurders (CIR),Agentschap Wonen in Vlaanderen,https://app.powerbi.com/view?r=eyJrIjoiNDE0MDEwYTItMjkyYy00NTExLTkwYTYtZGFjZjVkNDEyNWI0IiwidCI6IjBjMDMzOGE2LTk1NjEtNGVlOC1iOGQ2LTRlODljYmQ1MjBhMCIsImMiOjh9,dashboard,,doorlopend,geen API; UI-export,
vlpar-bbt-wonen-2026,BBT Wonen begroting 2026 — stuk 13-G (2025-2026) nr. 1,Vlaams Parlement,https://docs.vlaamsparlement.be/files/pfile?id=2226288,pdf,,jaarlijks,,Ingediend 24-10-2025 (min. Depraetere). ISE Vraagzijde/Aanbodzijde woningmarkt.
themis-bbt-wonen-2026,"BBT Wonen begroting 2026 (Themis, VR 2025 2410 MED.0424/1)",Vlaamse Regering / Themis,https://themis.vlaanderen.be/files/128397c0-b033-11f0-9b44-3797f8128cc9/download,pdf,,jaarlijks,,
codex-kaderbesluit-sociale-huur,"Kaderbesluit Sociale Huur (BVR 12-10-2007), geconsolideerd 1-1-2020",Vlaamse Codex,https://codex.vlaanderen.be/PrintDocument.ashx?id=1016403&datum=2020-01-01&geannoteerd=false&print=false,html,,eenmalig,,art. 8 actualisatie oneven jaren; art. 12 §1 7° schrapping bij niet-reageren.
vrt-2019-08-19,VRT NWS 20-8-2019 — wachtlijsten sociale woning nemen fors toe,VRT (secundair),https://www.vrt.be/vrtnws/nl/2019/08/19/sociale-woningen/,html,,eenmalig,,
vrt-2021-06-30,VRT NWS 30-6-2021 — 169.096 mensen wachtten vorig jaar op een sociale woning,VRT (secundair),https://www.vrt.be/vrtnws/nl/2021/06/30/169-096-mensen-wachtten-vorig-jaar-op-een-sociale-woning/,html,,eenmalig,,
vrt-2023-04-05,"VRT NWS 15-4-2023 — sociale woningen in Vlaanderen, welke gemeenten zijn goede leerlingen",VRT (secundair),https://www.vrt.be/vrtnws/nl/2023/04/05/sociale-woningen-in-vlaanderen-welke-gemeenten-zijn-goede-leerl/,html,,eenmalig,,
huurdersplatform-2025-04,Vlaams Huurdersplatform 24-4-2025 — bijna 200.000 huishoudens wachten op een sociale woning,Huurdersplatform (secundair),https://huurdersplatform.be/actualiteit-hb/bijna-200-000-huishoudens-wachten-op-een-sociale-woning/,html,,eenmalig,,
vrt-2025-04-09,VRT NWS 10-4-2025 — nooit eerder zoveel mensen op wachtlijst voor sociale woning,VRT (secundair),https://www.vrt.be/vrtnws/nl/2025/04/09/nooit-eerder-zoveel-mensen-op-wachtlijst-voor-sociale-woning/,html,,eenmalig,,
opgroeien-nrtj-achtergrond,Opgroeien — achtergrondinformatie en documentatie bij de jeugdhulpcijfers (definities),Agentschap Opgroeien,https://www.opgroeien.be/kennis/cijfers-en-onderzoek/aanvragen-crisisjeugdhulp-en-niet-rechtstreeks-toegankelijke-jeugdhulp/achtergrondinformatie-en-documentatie,html,,doorlopend,,
vlpar-sv-50-2021,"SV nr. 50 (2021-2022), Vaneeckhout → min. Beke, 'Jeugdhulp — capaciteit en wachttijden'",Vlaams Parlement,https://docs.vlaamsparlement.be/files/pfile?id=1770292,pdf,,eenmalig,,vraag 13-10-2021; reeks 2017/2019/2020
vlpar-sv-341-2024,"SV nr. 341 (2023-2024), Vaneeckhout → min. Crevits — wachtenden NRTJ per sector 2017-2022",Vlaams Parlement,https://docs.vlaamsparlement.be/files/pfile?id=2062865,pdf,,eenmalig,,gepubliceerd 07-06-2024; bevat ook provinciale tabellen
vlpar-sv-242-2026,"SV nr. 242 (2025-2026), Ryde → min. Gennez — evolutie wachtenden NRTJ en PAB",Vlaams Parlement,https://docs.vlaamsparlement.be/files/pfile?id=2261521,pdf,,eenmalig,,gepubliceerd 29-01-2026
vlpar-sv-246-2026,"SV nr. 246 (2025-2026), Vandecasteele — wachtenden NRTJ 2023 (citeert Opgroeien-site)",Vlaams Parlement,https://docs.vlaamsparlement.be/files/pfile?id=2261523,pdf,,eenmalig,,
vlpar-sv-416-2023,SV nr. 416 (2022-2023) — wachtenden PAB en MFC op 31-12-2022,Vlaams Parlement,https://docs.vlaamsparlement.be/files/pfile?id=1935207,pdf,,eenmalig,,
cjm-kinderrechtenmonitor,Kinderrechtenmonitor (Departement CJM) — thema alternatieve zorg (citeert Opgroeien),"Departement Cultuur, Jeugd en Media (secundair)",https://www.vlaanderen.be/cjm/nl/jeugd/vlaams-jeugd-en-kinderrechtenbeleid/tools-voor-beleidsmakers/kinderrechtenmonitor/alternatieve-zorg,html,,jaarlijks,,
vlpar-commissie-2020-10-20,Commissie Welzijn 20-10-2020 — bespreking Jaarverslag Jeugdhulp 2019,Vlaams Parlement,https://www.vlaamsparlement.be/nl/parlementair-werk/commissies/commissievergaderingen/1430487/verslag/1434312,html,,eenmalig,,
vlpar-bbt-wvg-2026,"BBT Welzijn en Armoedebestrijding, begroting 2026 — stuk 13-Z (2025-2026) nr. 1",Vlaams Parlement,https://docs.vlaamsparlement.be/files/pfile?id=2227516,pdf,,jaarlijks,,
vlpar-bbt-wvg-uitv-2025,BBT WVG begrotingsuitvoering 2025 — stuk 23-V (2025-2026) nr. 1,Vlaams Parlement,https://docs.vlaamsparlement.be/files/pfile?id=2325132,pdf,,jaarlijks,,
vlpar-bbt-wvg-uitv-2024,BBT WVG begrotingsuitvoering 2024 — stuk 23-T (2024-2025) nr. 1,Vlaams Parlement,https://docs.vlaamsparlement.be/files/pfile?id=2162480,pdf,,jaarlijks,,
vlpar-bbt-wvg-2025,"BBT WVG en Armoedebestrijding, begroting 2025 — stuk 13-V (2024-2025) nr. 1",Vlaams Parlement,https://docs.vlaamsparlement.be/files/pfile?id=2081035,pdf,,jaarlijks,,
vlpar-sv-852-2025,"SV nr. 852 (2024-2025), Schryvers → min. Gennez — lokale loketten kinderopvang, registratie 2023-2024",Vlaams Parlement,https://docs.vlaamsparlement.be/files/pfile?id=2196812,pdf,,jaarlijks (zelfde vraag elk jaar),,vraag 06-06-2025; dubbeltellingen over loketten heen mogelijk
vlpar-sv-650-2026,"SV nr. 650 (2025-2026), Schryvers — lokale loketten kinderopvang, cijfers 2025 nog niet beschikbaar",Vlaams Parlement,https://docs.vlaamsparlement.be/files/pfile?id=2308258,pdf,,eenmalig,,vraag 13-03-2026; cijfers 2025 'ten vroegste mei 2026'
vlpar-sv-664-2023,"SV nr. 664 (2022-2023), Daniëls → min. Crevits — onderzoek kinderopvang 2018 en uitbreiding 2023",Vlaams Parlement,https://docs.vlaamsparlement.be/files/pfile?id=1969521,pdf,,eenmalig,,vraag 05-05-2023
vlpar-commissie-2025-06-10,Commissie WVG 10-06-2025 — vragen om uitleg over onbeantwoorde opvangvragen,Vlaams Parlement,https://www.vlaamsparlement.be/nl/parlementair-werk/commissies/commissievergaderingen/1911758/verslag/1917726,html,,eenmalig,,
opgroeien-onderzoek-2025-rapport,HIVA/Opgroeien — Onderzoek naar het gebruik van en de behoefte aan kinderopvang 2025 (rapport nr. 57),Agentschap Opgroeien / HIVA-KU Leuven,https://www.opgroeien.be/sites/default/files/tool-documents/2026_01_rapport_57_ef__53_gebruik_behoefte_kinderopvang.pdf,pdf,,"± 7-jaarlijks (2018, 2025)",,"januari 2026; steekproef 4.114 gezinnen, respons 19 %"
opgroeien-onderzoek-2025-nieuws,"Opgroeien — nieuwsbericht onderzoek kinderopvang 2025: gebruik, noden en een groeiend tekort aan plaatsen",Agentschap Opgroeien,https://www.opgroeien.be/over-opgroeien/nieuws-en-pers/onderzoek-kinderopvang-2025-gebruik-noden-en-een-groeiend-tekort-aan-plaatsen,html,,eenmalig,,09-03-2026; bevat de prognose 11.500 plaatsen tegen 2029 (niet in het rapport zelf)
opgroeien-kinderopvang-cijfers,"Opgroeien — kinderopvang baby's en peuters, cijfers (Power BI + Excel 'cijfers op maat')",Agentschap Opgroeien,https://www.opgroeien.be/kennis/cijfers-en-onderzoek/kinderopvang-babys-en-peuters/cijfers-op-maat,download,,jaarlijks + kwartaal,"Excel 'b-p-aantal-plaatsen-en-locaties-naar-vergunningstype-en-inkomenstarief_<n>.xlsx' (2014–2026/kw1, gemeenteniveau; versie-suffix wijzigt) en 'aantal-plaatsen-per-100-kinderen_<n>.xlsx'; scrape de pagina op href=*.xlsx",Correctie 04-06-2026: ± 2.500 onthaalouderplaatsen 2020-2024 te hoog geteld.
opgroeien-persbericht-2026-06-04,Opgroeien persbericht 04-06-2026 — kinderopvangcijfers 2025 en correctie cijfers onthaalouders,Agentschap Opgroeien,https://pers.opgroeien.be/opgroeien-publiceert-kinderopvangcijfers-2025-en-kondigt-correctie-cijfers-onthaalouders-aan,html,,eenmalig,,
opgroeien-masterplan-2025,"Opgroeien — Masterplan kinderopvang, meerjarenprogrammatie (snelinfo 07-04-2025)",Agentschap Opgroeien,https://www.opgroeien.be/sites/default/files/documenten/masterplan-kinderopvang-meerjarenprogrammatie-snelinfo.pdf,pdf,,eenmalig,,
opgroeien-sectoroverleg-2025-11,Opgroeien — algemene presentatie sectoroverleg kinderopvang 28-11-2025 (meerjarenoproep T2),Agentschap Opgroeien,https://www.opgroeien.be/sites/default/files/documenten/algemene-presentatie-28-november-2025.pdf,pdf,,eenmalig,,
opgroeien-oproepen-beslissingen,Opgroeien — oproepen en beslissingen subsidies kinderopvang (overzicht per ronde),Agentschap Opgroeien,https://www.opgroeien.be/aanbod/kinderopvang/voorzieningen/subsidies-en-financieel/oproepen-en-beslissingen,html,,per ronde,PDF-lijsten per ronde (toekenningen per gemeente/organisator),
opgroeien-toekenning-t2-2025,"Opgroeien — plaatsen met subsidie voor inkomenstarief 2025-2029, beslissingen december 2025 (toekenning T2)",Agentschap Opgroeien,https://www.opgroeien.be/sites/default/files/documenten/oproep-meerjarenprogrammatie-toekenning-subsidiebeloftes-t2-ikt-kinderopvang.pdf,pdf,,per ronde,,datum 15-12-2025; toekenningen per gemeente en tabel per jaar (p. 13)
vlpar-begroting-2023-vragen,Vragen en antwoorden bij de begroting 2023 — uitbreidingsbudget kinderopvang,Vlaams Parlement,https://docs.vlaamsparlement.be/files/pfile?id=1897634,pdf,,eenmalig,,
agii-jaarverslag-2022,AgII — jaarverslag 2022 (uitvoeringsrapportering),Agentschap Integratie en Inburgering,https://publicaties.vlaanderen.be/view-file/62947,pdf,,jaarlijks,,30-03-2023; fig. 33 reeks 'geen passend aanbod' 2019-2022
agii-jaarverslag-2024,AgII — jaarverslag 2024,Agentschap Integratie en Inburgering,https://www.integratie-inburgering.be/sites/default/files/2025-05/AgII_Jaarverslag_2024_0.pdf,pdf,,jaarlijks,,21-03-2025; GEEN wacht-KPI meer
agii-jaarverslag-2025,AgII — jaarverslag 2025,Agentschap Integratie en Inburgering,https://integratie-inburgering.be/sites/default/files/2026-05/AgII_jaarverslag_2025.pdf,pdf,,jaarlijks,,26-03-2026; GEEN wacht-KPI
vlpar-commissie-c249-2025,Commissie Binnenlands Bestuur en Inburgering 20-05-2025 — woordelijk verslag C249,Vlaams Parlement,https://docs.vlaamsparlement.be/files/pfile?id=2242860,pdf,,eenmalig,,
vlpar-sv-275-2023,"SV nr. 275 (2022-2023), Janssens → min. Somers — wachtenden MO per reden",Vlaams Parlement,https://docs.vlaamsparlement.be/files/pfile?id=1956034,pdf,,eenmalig,,
vrt-2025-05-07,VRT NWS 07-05-2025 — inburgering: 1.500 nieuwkomers wachten langer dan 6 maanden,VRT (secundair),https://www.vrt.be/vrtnws/nl/2025/05/07/inburgeringscursus-integratie-nieuwkomers-vlaanderen-2024/,html,,eenmalig,,
themis-bbt-ii-2026,"BBT Integratie en Inburgering, begroting 2026 (VR 2025 2410 MED.0428/1)",Vlaamse Regering / Themis,https://themis.vlaanderen.be/files/d7fdef70-afff-11f0-9b44-3797f8128cc9/download,pdf,,jaarlijks,,
vlpar-bbt-ii-uitv-2025,"BBT Integratie en Inburgering, begrotingsuitvoering 2025 — stuk 23-M (2025-2026) nr. 1",Vlaams Parlement,https://docs.vlaamsparlement.be/files/pfile?id=2325115,pdf,,jaarlijks,,
vlpar-sv-379-2025,"SV nr. 379 (2024-2025), Mertens → min. Gennez — wachttijden CGG 2019-2023 (PDF + Excel-bijlage)",Vlaams Parlement,https://docs.vlaamsparlement.be/files/pfile?id=2138635,pdf,,eenmalig,Excel-bijlage pfile?id=2132648 (tabbladen per CGG × leeftijd × geslacht); bijlage-URL via ws.vlpar.be/e/opendata/schv/<id>,gepubliceerd 08-04-2025; minister: wachtlijst niet centraal gemonitord (EPD pas vanaf eerste contact)
vlpar-sv-382-2025,"SV nr. 382 (2024-2025), Wouters — zorgperiodes en behandelduur CGG 2019-2023 (Excel-bijlage)",Vlaams Parlement,https://docs.vlaamsparlement.be/files/pfile?id=2140346,pdf,,eenmalig,Excel-bijlage pfile?id=2132652,
vlpar-sv-645-2026,"SV nr. 645 (2025-2026), Wouters — CGG wachttijd, zorgperiodes, behandelduur 2024 (Excel-bijlage)",Vlaams Parlement,https://docs.vlaamsparlement.be/files/pfile?id=2308255,pdf,,jaarlijks (reeks Wouters/Mertens feb-mrt),Excel-bijlage pfile?id=2307491,gepubliceerd 08-05-2026; cijfers 2025 'nog niet beschikbaar'
vlpar-sv-107-2024,"SV nr. 107 (2023-2024), Vaneeckhout — enveloppes CGG 2010-2024 en wachttijden 2009-2022 (Excel-bijlage)",Vlaams Parlement,https://docs.vlaamsparlement.be/files/pfile?id=2015964,pdf,,eenmalig,"Excel-bijlage pfile?id=2015915, tabblad 'Enveloppe per jaar'",
zorgatlas-cgg,"Departement Zorg — cijfers CGG (ZorgAtlas Tableau-dashboard, EPD 2016-2024)",Departement Zorg,https://www.departementzorg.be/nl/cijfers-centra-voor-geestelijke-gezondheidszorg,dashboard,,jaarlijks,Tableau-embed zorgatlas.vlaanderen.be/views/CGG-Jaarverslag-OverzichtWEB/Welkom; geen Excel; sectorgemiddelde wachttijd enkel hier,
