voorziening_id,naam,domein,entiteit,bevoegdheid,wachtlijst_naam,wachtlijst_type,publicatie_bron_id,frequentie,laatste_peildatum,scan_status,ise_koppeling,opmerking
vaph-pvb,Persoonsvolgend budget (PVB) meerderjarigen,handicap,VAPH,Vlaamse Gemeenschap,Prioriteitengroepen 1/2/3 (vragen naar PVB),centraal_gepubliceerd,vaph-cijfers-2025,"halfjaarlijks (30/06, 31/12)",2025-12-31,proef_uitgewerkt,PERSONEN MET EEN BEPERKING,"Best gedocumenteerde wachtlijst; jaarverslag HTML + PDF 'VAPH in cijfers'. Automatische toekenningsgroepen (nood, spoed, zorgcontinuïteit) staan buiten de PG's."
opgroeien-nrtj,"Niet-rechtstreeks toegankelijke jeugdhulp (incl. VAPH-MFC, pleegzorg; excl. PAB)",jeugdhulp,Agentschap Opgroeien (intersectorale toegangspoort),Vlaamse Gemeenschap,Wachtenden NRTJ per typemodule,centraal_gepubliceerd,opgroeien-nrtj,jaarlijks (foto op 31/12; publicatie januari–juli),2025-12-31,proef_uitgewerkt,JEUGDHULP,Foto op 31/12 van alle kinderen/jongeren met een indicatiestelling in regie zonder opstart van de gevraagde hulp (excl. PAB; MFC inbegrepen). ± 52 % krijgt intussen andere NRTJ-hulp. Wachttijden worden officieel niet gepubliceerd (SV 341/1045/1048: 'onvoldoende betrouwbare gegevens'). Reeks 2017–2025 heeft lichte breuken (2022: 7.397 vs 7.448; 2024: 9.194 vs 9.154 VRT).
wonen-sociale-huur,Sociale huurwoning,wonen,Wonen in Vlaanderen / woonmaatschappijen,Vlaams Gewest,Centraal inschrijvingsregister (CIR) kandidaat-huurders,centraal_gepubliceerd,wiv-jaarverslag-2025-toegang,"jaarlijks (jaarverslag WiV, ± juni); Power BI doorlopend",2025-12-31,proef_uitgewerkt,AANBODZIJDE WONINGMARKT,"Reeks breekt in 2023 (overgang naar CIR, geen cijfers) en wisselt van definitie: unieke kandidaat-huurders (VMSW, t/m 2022) -> kandidaten CIR (2024) -> actieve inschrijvingen incl. 15 % zittende sociale huurders (2025). Wachttijd enkel bij toewijzing gemeten."
wonen-huurpremie,Vlaamse huurpremie,wonen,Wonen in Vlaanderen,Vlaams Gewest,geen eigen lijst; afgeleid van 4 jaar inschrijving CIR,geen,,,,afgerond,VRAAGZIJDE WONINGMARKT,
wonen-sociale-koop,Sociale koopwoning,wonen,Woonmaatschappijen / Wonen in Vlaanderen,Vlaams Gewest,kandidatenregisters per woonmaatschappij,decentraal,vlpar-sv-448-2025-koop,aanbodcijfers jaarlijks (jaarverslag WiV); kandidaten niet centraal,2023-12-31,afgerond,AANBODZIJDE WONINGMARKT,"'De gegevens met betrekking tot kandidaat-kopers worden door de woonmaatschappijen beheerd. Wonen in Vlaanderen beschikt dan ook niet over deze data' (SV 448 en 450, 2025) → geen centrale wachtlijst, afgesloten als decentraal. Aanbod: verkochte nieuwe sociale koopwoningen 867 (2014) → 1.053 (2018) → 505 (2023), dalend; verkoop sociale kavels dalend. Eventueel later: steekproef bij de grootste woonmaatschappijen."
agii-mo,Inburgering — maatschappelijke oriëntatie,inburgering,Agentschap Integratie en Inburgering (Atlas/IN-Gent),Vlaamse Gemeenschap,KPI 'zonder passend MO-aanbod' / '> 6 maanden wachtend',centraal_niet_gepubliceerd,agii-jaarverslag-2023,jaarverslag (KPI gestopt na 2023); parlement op vraag,2025-05-20,proef_uitgewerkt,,"Twee KPI's t/m jaarverslag 2023: 'geen passend aanbod' (2.592 in 2019 → 1.076 in 2022 → 1.229 in 2023) en '> 6 maanden na contract niet gestart' (993 begin 2023 → 1.588 eind 2023 → 1.354 maart 2024). Jaarverslagen 2024 en 2025 bevatten GEEN wacht-KPI meer; daarna enkel VRT (± 1.500, mei 2025) en minister (< 5 % van lopende trajecten, mei 2025). Werkingsgebied AgII excl. Atlas (Antwerpen) en IN-Gent. Budget: beleidsdomein Kanselarij/ABB, artikel SJ0-1SFC2DY-IS."
vdab-collectief-maatwerk,Collectief maatwerk (sociale economie),werk,VDAB / Departement Werk en Sociale Economie,Vlaams Gewest,werkzoekenden zonder werk met een geldig advies collectief maatwerk (zonder lager advies),centraal_niet_gepubliceerd,wewis-opendata-cmw03,contingent per kwartaal (open data); wachtenden enkel via SV,2026-03-31,proef_uitgewerkt,ACTIVERING (SOCIALE ECONOMIE),"Twee kanten: (1) wachtenden = werkzoekenden met een 'ticket' CMW die niet aan de slag zijn (VDAB-data, enkel via SV: 4.563 in 2019 → 3.089 in 2024 → 3.781 in aug 2025); (2) openstaand contingent = toegekende min ingevulde VTE in maatwerkbedrijven (open data WEWIS: ± 900-2.300 VTE per kwartaal). Paradox: meer wachtenden dan open plaatsen → mismatch (mobiliteit, gezondheid, taal, functievereisten), aldus de minister. Groeipad 1.000 plaatsen tegen 2029 (2025: 200 plaatsen, 189,5 VTE toegekend). Budget: artikel Collectief Maatwerk 466,7 mln (uitv. 2022) → 572,5 mln (uitv. 2025) → 600,7 mln (BO 2026)."
zorg-woonzorgcentra,"Woonzorgcentra, kortverblijf, dagverzorging, assistentiewoningen",ouderenzorg,Departement Zorg (afd. Woonzorg),Vlaamse Gemeenschap,geen bewonerswachtlijst; aanbodzijde: erkennings- en omzettingskalender,decentraal,vlpar-sv-400-2026-wzc,SV-reeks Schryvers (jaarlijks) en Vandecasteele; geen eigen publicatie,2026-06-30,proef_uitgewerkt,WOONZORG EN EERSTE LIJN | SOCIALE BESCHERMING,"'De Vlaamse overheid heeft geen zicht op de eventuele wachtlijsten van een voorziening' (SV 951, juli 2026). Aanbodzijde: kalender 2020-2025 = 5.455 goedgekeurde woongelegenheden wzc; sinds 2015 t/m Q4 2025 3.481 wzc + 377 cvk in gebruik genomen; nog te realiseren vanaf 2026: 2.110 wzc + 144 cvk; uitgesteld sinds 2021: 4.109 wzc (5 provincies; Brussel 150 apart) + 323 cvk; vervallen t/m Q4 2025: 509 wzc + 40 cvk (eind 2024: 327 wzc alle kalenders, 112 enkel kalender 2020-2025). Doorlooptijd kalender → ingebruikname 2 kwartalen (2020) → 8 (2024). Erkende capaciteit medio 2026: 83.923 woongelegenheden wzc en 2.803 cvk (incl. Brussel). Programmatiestop tot eind 2026; nieuwe kalender zomer 2026; zorgprognosemodel 2029. Budget residentiële ouderenzorg (VSB) 2,78 mld (2024) → 2,77 mld BO 2026 (artikel GM0-AGCF2VD-WT)."
zorg-cgg,Centra voor Geestelijke Gezondheidszorg,ggz,Departement Zorg,Vlaamse Gemeenschap,"Wachttijd aanmelding→1e contact (EPD), per CGG",centraal_niet_gepubliceerd,vlpar-sv-645-2026,"jaarlijks via SV (Excel-bijlage), cijfers jaar N ± mei N+2; ZorgAtlas-dashboard",2024-12-31,proef_uitgewerkt,GESPECIALISEERDE ZORG,"Geen centrale wachtlijst (EPD pas vanaf eerste contact). Wel wachttijden in dagen: aanmelding → eerste direct contact (FTF1) en FTF1 → FTF2, per CGG × leeftijd × geslacht in Excel-bijlagen bij SV's; geen officieel sectorgemiddelde buiten ZorgAtlas. Breuken: 2022 ZorgAtlas (telefonische contacten tellen mee), 2024 nieuwe leeftijdsgroepen (18-64/65+). Budget: enveloppe CGG ± 93 mln (2024) binnen artikel GB0-1GCF2LA-WT (± 147 mln)."
zorg-cos,Centra voor Ontwikkelingsstoornissen (diagnostiek),handicap,Departement Zorg,Vlaamse Gemeenschap,"wachtlijst per COS (4 centra), geen uniforme registratie",decentraal,vlpar-sv-1007-2025-cos,geen; SV's,2024-12-31,proef_uitgewerkt,JEUGDHULP,"'De COS kennen geen centrale, uniforme registratie van wachtenden' (SV 633, 2022); 'Er zijn geen cijfers m.b.t. de wachtlijsten beschikbaar' (SV 504, 2025). Laatste wachttijden: dec 2021 COS Antwerpen 33 maanden (> 3 j; aanmeldingsstop sinds sept 2020), Brussel 15, Gent 34 (> 2,5 j), Leuven 15. Trajecten 0-6 j: ± 4.400 kinderen per jaar (2022-2024). Projectmiddelen brugzorg t/m 2025; nieuw organisatiemodel diagnostiek in voorbereiding. CAR: 'geen gevalideerde cijfers over de wachttijden' (SV 234, 2026)."
opgroeien-kinderopvang,Kinderopvang baby's en peuters,gezin,Agentschap Opgroeien (Lokaal Loket Kinderopvang),Vlaamse Gemeenschap,Opvangvragen via lokale loketten; geen Vlaamse wachtlijst,decentraal,vlpar-sv-852-2025,jaarlijks (opvangvragen via SV; capaciteit Excel per jaar/kwartaal),2025-12-31,proef_uitgewerkt,GEINTEGREERD GEZINSBELEID,"Geen Vlaamse wachtlijst voor gezinnen. Drie schaarste-indicatoren: (1) onbeantwoorde opvangvragen bij de lokale loketten (dubbeltellingen over gemeenten mogelijk), (2) onvervulde behoefte uit steekproefonderzoek (2018: 8,3 %; 2025: 11,6 %, alle kinderen 3 m–3 j), (3) gerangschikte lijst van organisatoren in uitbreidingsrondes (aangevraagd vs toegekend). Capaciteit 2020-2024 bevat ± 2.500 te hoog getelde onthaalouderplaatsen (correctie 04-06-2026)."
opgroeien-pleegzorg,Pleegzorg,jeugdhulp,Opgroeien / diensten voor pleegzorg,Vlaamse Gemeenschap,"kinderen die op 31/12 wachten op een pleeggezin (perspectiefzoekende en -biedende pleegzorg, Domino)",centraal_niet_gepubliceerd,vlpar-sv-194-2026-pz,jaarlijks via SV-reeks Schryvers (cijfers jaar N ± januari N+2),2024-12-31,proef_uitgewerkt,JEUGDHULP,"Wachtenden op een pleeggezin 702 (2018) → 961 (2022) → 1.189 (2023) → 1.307 (31-12-2024), +86 % in zes jaar; 37 % jonger dan 6. Ondersteunende pleegzorg (RTJ) wordt niet geteld. 10.676 pleegzorgsituaties op 31-12-2024 (8.221 perspectiefbiedend). Deelverzameling van de NRTJ-wachtlijst (2.707 verblijfsvragen pleeggezin in 2025, andere teleenheid). Budget: binnen artikel jeugdhulp GB0-1GEF2MX-IS; BO 2026 +11,1 mln kostendrijver pleegzorg."
onderwijs-buitengewoon,Buitengewoon onderwijs (capaciteit),onderwijs,"AGODI / Departement Onderwijs, LOP's",Vlaamse Gemeenschap,weigeringslijst per school (niet-gerealiseerde inschrijvingen); geen centrale monitoring,decentraal,capaciteitsmonitor-2025,capaciteitsmonitor driejaarlijks; LOP-toewijzingsresultaten jaarlijks (lokaal); SV's,2026-05-18,proef_uitgewerkt,,"'Er is geen centrale structurele registratie of monitoring van de wachtlijsten' (SV 1152, 1192, 1003, 1019); AGODI heeft geen volledig zicht op weigeringen (geen rijksregisternummer). Rekenhof (jan 2025): leerlingen BuO 47.468 (2018-19) → 53.573 (2022-23), +12,9 %; capaciteitsmonitor (aug 2025): tekort ± 5.700 plaatsen tegen 2030-31 (basis 2.184, secundair 3.731). LOP 2026: Antwerpen 680 kinderen zonder plaats (66 % van aanmeldingen, VRT), Gent 58 % en Aalst 70 % geen school van voorkeur (SV 829). Budget: niet afgesplitst in de BBT Onderwijs; extra werkingsbudget IAC type 2 automatisch vanaf 2026-27."
nt2,Nederlands tweede taal (NT2),inburgering,AgII / CVO's / Ligo / UTC,Vlaamse Gemeenschap,"wachtlijst per CBE/CVO, centraal bevraagd door Ahovoks",centraal_niet_gepubliceerd,vlpar-sv-34-2025-nt2,aanbodbevraging NT2 (Ahovoks) twee keer per jaar; niet gepubliceerd,2025-09-10,afgerond,,"Aanbodbevraging NT2 van 10 september 2025: 'geen cursisten (met intake bij een Agentschap Integratie en Inburgering of het Huis van het Nederlands Brussel) op de wachtlijst bij een CBE of CVO' (SV 34). Geen wachtlijstprobleem op Vlaams niveau → afgerond; herbevragen bij signalen (Brussel, dagaanbod). Cursistenaantallen via Dataloep."
zorg-gezinszorg,Gezinszorg en aanvullende thuiszorg,thuiszorg,Departement Zorg,Vlaamse Gemeenschap,geen wachtlijst; rantsoenering via urencontingent per dienst,geen,vlpar-sv-950-2023-gz,urencontingent jaarlijks bij MB; realisatie gekend in jaar X+1; cijfers enkel via SV,2022-12-31,proef_uitgewerkt,WOONZORG EN EERSTE LIJN,"Rantsoenering, geen wachtlijst: elke erkende dienst (103 in 2024) krijgt jaarlijks een subsidiabel urencontingent (2022: 18,86 mln uur; gepresteerd 15,95 mln uur gezinszorg voor 126.570 gezinnen). Niet-gerealiseerde uren kunnen niet naar andere diensten; onderbenutting door personeelskrapte (SV 293). Gebruikers gezinszorg 118.280 (2018) → 126.570 (2022). Lokale wachtlijsten per dienst worden niet centraal geregistreerd. Hervorming: inkanteling in de Vlaamse sociale bescherming (regeerakkoord 2024-2029)."
vsb-zorgbudget,Zorgbudgetten Vlaamse sociale bescherming,zorg,Agentschap VSB / Departement Zorg,Vlaamse Gemeenschap,geen (rechtsgebonden; wel doorlooptijd),geen,vsb-dossiers,jaarlijks,,afgerond,SOCIALE BESCHERMING,Excel-downloads per jaar (dossiers 2017-2024) — bruikbaar als referentie voor open-dataformaat.
ajh-justitiehuizen,"Justitiehuizen (werkstraf, probatie, slachtofferonthaal)",justitie,Agentschap Justitie en Handhaving,Vlaamse Gemeenschap,werkstrafdossiers in afwachting van een justitieassistent (SIPAR),centraal_niet_gepubliceerd,vlpar-sv-386-2026-jh,jaarlijks via SV-reeks Schryvers (januari),2026-03-09,proef_uitgewerkt,JUSTITIE EN HANDHAVING,"Wachttijd tussen ontvangst van een werkstrafdossier en aanstelling van een justitieassistent: 49 dagen (jan 2023) → 26,3 (dec 2023) → 22 (dec 2024) → 23 (begin 2026, stand bij antwoord); daarna gemiddeld 121-129 dagen tot de effectieve opstart (procedure, prestatieplaats, probatiecommissie). Daders in begeleiding 17.206 (2019) → 24.430 (2025, lopende telling t/m okt; +42 %); federale noodwet overbevolking (aug 2025) en nieuw Strafwetboek (april 2026) doen de instroom stijgen. Andere mandaten (probatie, ET, slachtofferonthaal): geen wachtcijfers gevonden. Budget: lonen AJH BO 2026 164,9 mln (incl. overheveling gemeenschapsinstellingen)."
wonen-premies,Mijn VerbouwPremie / Mijn VerbouwLening / Noodkoopfonds,wonen-energie,Wonen in Vlaanderen / VEKA / Energiehuizen,Vlaams Gewest,geen; Noodkoopfonds werkt met enveloppes per OCMW (lokale lijsten mogelijk),geen,,,,afgerond,,
vwf-woonlening,Vlaamse woonlening (Vlaams Woningfonds),wonen,Vlaams Woningfonds,Vlaams Gewest,geen,geen,,,,afgerond,,
vdab-ibo,Individuele beroepsopleiding (IBO),werk,VDAB,Vlaams Gewest,geen,geen,,,,afgerond,,
vaph-pab-minderjarigen,Persoonlijke-assistentiebudget (PAB) minderjarigen,handicap,Agentschap Opgroeien (intersectorale toegangspoort) / VAPH,Vlaamse Gemeenschap,"minderjarigen met een toegewezen PAB-vraag zonder budget (foto 31/12, INSISTO)",centraal_gepubliceerd,opgroeien-nrtj,"jaarlijks (Opgroeien cijferrapport NRTJ, cijfers op maat); VAPH-jaarverslag",2025-12-31,proef_uitgewerkt,PERSONEN MET EEN BEPERKING | JEUGDHULP,"Afgesplitst van het NRTJ-dossier (1-10-2026). Wachtenden (Opgroeien, cijfers op maat) 1.769 (2019) → 1.579 (2021) → 1.478 (2022) → 1.224 (2023) → 1.763 (2024) → 2.450 (31-12-2025, +39 %); VAPH telt 1.958 unieke wachtenden incl. priors (31-12-2024, benodigd budget 84,4 mln). Nieuwe PAB-vragen verdubbeld 540 → 1.074 op drie jaar (beginjaar niet vermeld); toekenningen 244 (2024, ± 9 mln) → 372 (2025, 13,3 mln); 2.554 budgethouders (31-12-2025). Geen prioriteitengroepen zoals bij PVB; 'prior' = budget de maand nadien. Budget: uitbreidingsbeleid PAB 13 mln (2025), 7,3 mln VEK overgedragen naar 2026."
vaph-rth-hulpmiddelen,VAPH rechtstreeks toegankelijke hulp (RTH) en hulpmiddelen,handicap,VAPH / RTH-aanbieders,Vlaamse Gemeenschap,geen wachtlijst: rantsoenering via maximum 8 RTH-punten per persoon per jaar en personeelspunten per aanbieder,geen,vaph-jaarverslag-2025,VAPH-jaarverslag (juni); SV's,2025-12-31,proef_uitgewerkt,PERSONEN MET EEN BEPERKING,"Uitgewerkt 1-10-2026. RTH = laagdrempelige ondersteuning zonder VAPH-aanvraag (max. 8 punten/jaar; pilootfase 2023-2025 tot meer); gebruikers 35.711 (2024) → 37.133 (2025); 222 erkende aanbieders met 102.058,82 personeelspunten (+ 17.799 pilootfase, 1.990 GIO). Geen centrale wachtlijst; RTH dient als 'vangnet' voor nRTH-wachtenden (SV 146) en wordt in de hervorming zorgniveau 1 (cesuur 15,29 punten; 2.407 PVB-wachtenden eronder). Hulpmiddelen en aanpassingen: individuele tegemoetkomingen (± 32-34.000 goedkeuringen/jaar, ± 26 mln uitbetaald in 9 maanden 2024), mediaan doorlooptijd voor snel degeneratieve aandoeningen 67 → 28 dagen (2020-2022); geen wachtlijst. Budget: artikel GH0-AGGF2RC-WT 72,5 mln (BO 2019) → 124,4 (uitv. 2024) → 116,7 (uitv. 2025) → 117,4 (BO 2026); hulpmiddelen GH0-AGGF2RB-WT uitvoering 35,2 (2024) en 35,1 mln (2025); uitbreidingsbeleid RTH 4,4 mln (2025, ‑6-jarigen, start 2026)."
zorg-car,Centra voor ambulante revalidatie (CAR),zorg,Departement Zorg,Vlaamse Gemeenschap,wachtlijst per centrum; geen gevalideerde centrale cijfers,decentraal,vlpar-sv-624-2026-car,geen; SV's,2026-04-01,proef_uitgewerkt,GESPECIALISEERDE ZORG,"Uitgewerkt 1-10-2026 (zonder wachtcijfer: 'Het Departement Zorg beschikt niet over gevalideerde cijfers over de wachttijden bij de CAR', SV 234, jan 2026). CAR sinds oktober 2023 in de Vlaamse sociale bescherming, 100 % prestatiefinanciering via revalidatieovereenkomst; nieuw kwaliteits- en financieringsmodel (vast organisatiedeel + variabel zorgdeel, minima per functie D/E/G) in pilootfase 1-4-2026 → 31-12-2027 met 6 CAR en 3 CGG, brede uitrol 2028; de minister verwacht 'impact op de wachttijden'. Projecten uitbreiding gespecialiseerde diagnostiek (6 CAR). Federale stopzetting terugbetaling monodisciplinaire logopedie (juni 2025) verhoogt de druk. Budget: VSB-artikel revalidatie GM0-AGCF2LF-WT 207,9 mln (BA 2025) → 213,4 mln (BO 2026) — bevat CAR, revalidatievoorzieningen verslavingszorg en andere revalidatieconventies; CAR-aandeel niet afgesplitst. Monitoring van wachttijden hoort bij de hervorming (kwaliteitskader: toegankelijkheid)."
zorg-caw-verslavingszorg,CAW en verslavingszorg,welzijn / ggz,"Departement Zorg (CAW's, revalidatievoorzieningen verslavingszorg 7.73)",Vlaamse Gemeenschap,geen wachtindicator; aanmeldstops/wachtlijsten per voorziening,decentraal,vlpar-bbt-wvg-2026,BBT-indicator jaarlijks (bereik CAW); wachttijden niet gemeten,2024-12-31,proef_uitgewerkt,GESPECIALISEERDE ZORG,"Uitgewerkt 1-10-2026. CAW (11 centra, 1.468,93 VTE erkend per 1-1-2025, enveloppe ± 128 mln): bereikte cliënten 2024 onthaal 109.290, begeleiding 28.797, totaal 125.488; 28.626 begeleidingsmodules; BBT-indicator zonder streefwaarde en zonder wachttijd ('bij ongewijzigd budget blijft het bereik op hetzelfde niveau'). Artikel Welzijnswerk GB0-1GCF2EA-WT 141,7 mln (BA 2025) → 141,6 mln (BO 2026; −1,5 mln besparing, −2,4 mln naar Justitie en Handhaving). Verslavingszorg: 'geen structurele monitoring van de wachttijden over alle sectoren heen' (SV 568); CGG-verslavingsteams 45 dagen tot eerste contact (2021-2023); revalidatievoorzieningen 7.73 (VSB-artikel revalidatie) en psychiatrische ziekenhuizen (federaal): geen cijfers; geen gecentraliseerd overzicht aanmeldstops (SV 561); monitoringssysteem wachtlijsten GGZ aangekondigd. Vlaams Parlement vroeg in 2023 wel wachtlijsten justitieel welzijnswerk per gevangenis (zie zorg-forensisch)."
zorg-forensisch,"Forensische zorg (geïnterneerden, forensisch VAPH)",zorg / justitie,Departement Zorg / VAPH (deels federaal: FPC's),Vlaamse Gemeenschap,CGG forensische zorg: wachttijd aanmelding → eerste contact; CAW justitieel welzijnswerk: wachtlijst per gevangenis,centraal_niet_gepubliceerd,vlpar-sv-844-2025-for,enkel via SV; CGG-wachttijden retrograde berekend (jaar N in N+1),2025-12-31,proef_uitgewerkt,GESPECIALISEERDE ZORG,"Uitgewerkt 1-10-2026 (Vlaamse kant). CGG forensische zorg: wachttijd aanmelding → eerste contact 111 d (2018) → 48 d (2024), gemiddeld 54; hulp- en dienstverlening in de gevangenis (CGG) 150 → 29 d; actieve forensische zorgperiodes 5.731 (2019) → 6.992 (2024); 1.546 voortijdig stopgezette trajecten (2024). CAW justitieel welzijnswerk: geen overkoepelende wachtlijst, per gevangenis 164 wachtenden (juni 2023; daarnaast 45 ingeplande gesprekken in Oost-Vlaanderen, dat niet met een wachtlijst werkt); 5.551 → 5.789 gedetineerden onthaald, 1.232 → 1.217 begeleid (2018 → 2022).  VAPH: 7 projecten voor personen met een (vermoeden van) handicap in de gevangenis — 287 (2021) → 701 (2025) ondersteunde personen (230 geïnterneerd, 345 gedetineerd, 126 beklaagd), jaarlijkse kostprijs 2,1 mln vóór de uitbreiding van 2024 (3 projecten) → ± 3,2 mln (2025), geen VAPH-aanvraagprocedure. Doorstroom: 85 geïnterneerden via directe financiering en 49 in een forensische VAPH-unit (31-12-2025). Federale kant (FPC's Gent/Antwerpen/Aalst, interneringskamers, PVT) buiten scope; forensische VAPH-units buiten de gevangenis: geen wachtcijfers gevonden. Budget forensische CGG binnen enveloppe CGG (VIA-6: +0,5 VTE per forensische werking sinds 2021)."
dwse-art60-wijkwerken,Sociale tewerkstelling via OCMW (art. 60 §7) en wijk-werken,werk,OCMW's / VDAB / Departement WEWIS,Vlaams Gewest,geen wachtlijst; VDAB-indicator 'tijdig werk' (art. 60-tewerkstelling start binnen 2 maanden na start traject),geen,vlpar-sv-319-2026-a60,VDAB-monitoring TWE-OCMW (via SV); wijk-werken jaarlijks via SV-reeks Bothuyne,2025-12-31,proef_uitgewerkt,ACTIVERING (SOCIALE ECONOMIE),"Uitgewerkt 1-10-2026: geen wachtlijstmechanisme. Art. 60 §7 is sinds de zesde staatshervorming ingebed in het traject Tijdelijke Werkervaring OCMW (TWE-OCMW); VDAB telt geen art. 60-tewerkstellingen maar trajecten met 'tijdig werk' (tewerkstelling start binnen 2 maanden na de start van het traject): 9.222 (2024), 9.763 (t/m nov 2025); uitstroom naar werk 28,8 % (2024), 27,95 % (2025 t/m nov). Het OCMW blijft juridisch werkgever (DIMONA), plaats van tewerkstelling niet gekend; Vlaamse opleidings- en omkaderingspremie (art. 61) in 170-179 trajecten. Wijk-werken: 3.365 actieve wijk-werkers (eind 2025), 1.708 met overgangsmaatregel PWA; VDAB-budget 9,17 mln (2026); overgang naar samenlevingsjobs; beperking werkloosheid in de tijd raakt de doelgroep. Geen begrotingsartikel art. 60 in de BBT Werk 2026 (financiering via VDAB en federale leefloontoelage)."
