voorziening_id,naam,domein,entiteit,bevoegdheid,wachtlijst_naam,wachtlijst_type,publicatie_bron_id,frequentie,laatste_peildatum,scan_status,ise_koppeling,opmerking
vaph-pvb,Persoonsvolgend budget (PVB) meerderjarigen,handicap,VAPH,Vlaamse Gemeenschap,Prioriteitengroepen 1/2/3 (vragen naar PVB),centraal_gepubliceerd,vaph-cijfers-2025,"halfjaarlijks (30/06, 31/12)",2025-12-31,proef_uitgewerkt,PERSONEN MET EEN BEPERKING,"Best gedocumenteerde wachtlijst; jaarverslag HTML + PDF 'VAPH in cijfers'. Automatische toekenningsgroepen (nood, spoed, zorgcontinuïteit) staan buiten de PG's."
opgroeien-nrtj,"Niet-rechtstreeks toegankelijke jeugdhulp (incl. VAPH-MFC, pleegzorg; excl. PAB)",jeugdhulp,Agentschap Opgroeien (intersectorale toegangspoort),Vlaamse Gemeenschap,Wachtenden NRTJ per typemodule,centraal_gepubliceerd,opgroeien-nrtj,jaarlijks (foto op 31/12; publicatie januari–juli),2025-12-31,proef_uitgewerkt,JEUGDHULP,Foto op 31/12 van alle kinderen/jongeren met een indicatiestelling in regie zonder opstart van de gevraagde hulp (excl. PAB; MFC inbegrepen). ± 52 % krijgt intussen andere NRTJ-hulp. Wachttijden worden officieel niet gepubliceerd (SV 341/1045/1048: 'onvoldoende betrouwbare gegevens'). Reeks 2017–2025 heeft lichte breuken (2022: 7.397 vs 7.448; 2024: 9.194 vs 9.154 VRT).
wonen-sociale-huur,Sociale huurwoning,wonen,Wonen in Vlaanderen / woonmaatschappijen,Vlaams Gewest,Centraal inschrijvingsregister (CIR) kandidaat-huurders,centraal_gepubliceerd,wiv-jaarverslag-2025-toegang,"jaarlijks (jaarverslag WiV, ± juni); Power BI doorlopend",2025-12-31,proef_uitgewerkt,AANBODZIJDE WONINGMARKT,"Reeks breekt in 2023 (overgang naar CIR, geen cijfers) en wisselt van definitie: unieke kandidaat-huurders (VMSW, t/m 2022) -> kandidaten CIR (2024) -> actieve inschrijvingen incl. 15 % zittende sociale huurders (2025). Wachttijd enkel bij toewijzing gemeten."
wonen-huurpremie,Vlaamse huurpremie,wonen,Wonen in Vlaanderen,Vlaams Gewest,geen eigen lijst; afgeleid van 4 jaar inschrijving CIR,geen,,,,afgerond,VRAAGZIJDE WONINGMARKT,
wonen-sociale-koop,Sociale koopwoning,wonen,Woonmaatschappijen / Wonen in Vlaanderen,Vlaams Gewest,Inschrijvingsregister kandidaat-kopers per woonmaatschappij,decentraal,,,,in_onderzoek,,"SV 448 (Mertens, 15-04-2025): Wonen in Vlaanderen beschikt niet over centrale data."
agii-mo,Inburgering — maatschappelijke oriëntatie,inburgering,Agentschap Integratie en Inburgering (Atlas/IN-Gent),Vlaamse Gemeenschap,KPI 'zonder passend MO-aanbod' / '> 6 maanden wachtend',centraal_gepubliceerd,agii-jaarverslag-2023,jaarlijks,2023-12-31,in_onderzoek,,2023: 1.229 zonder passend aanbod; 1.588 > 6 maanden. Jaarverslag 2024/2025 nog na te kijken.
vdab-collectief-maatwerk,Collectief maatwerk (sociale economie),werk,VDAB / Departement Werk en Sociale Economie,Vlaams Gewest,Werkzoekenden met CMW-advies zonder job (vacaturegedreven),centraal_niet_gepubliceerd,vdab-maatwerk-toelichting,op vraag (parlement),2024-12-31,in_onderzoek,,dec 2024: 3.086 met advies vs 751 openstaande vacatures; individueel maatwerk 9.615 (feb 2025).
zorg-woonzorgcentra,"Woonzorgcentra, kortverblijf, dagverzorging, assistentiewoningen",ouderenzorg,Departement Zorg (afd. Woonzorg),Vlaamse Gemeenschap,Wachtlijst per voorziening; erkenningskalender (aanbodzijde),decentraal,,,,in_onderzoek,WOONZORG,Geen centrale bewonerswachtlijst. Erkenningskalender = wachtlijst voor erkenning van bijkomende woongelegenheden.
zorg-cgg,Centra voor Geestelijke Gezondheidszorg,ggz,Departement Zorg,Vlaamse Gemeenschap,"Wachttijd aanmelding→1e contact (EPD), per CGG",centraal_niet_gepubliceerd,,,,in_onderzoek,GESPECIALISEERDE ZORG,"Minister (SV 379, 12-02-2025): wachtlijst niet centraal gemonitord; wachttijden wel in bijlage bij SV (pfile 2138635)."
zorg-cos,Centra voor Ontwikkelingsstoornissen (diagnostiek),handicap,Departement Zorg,Vlaamse Gemeenschap,Wachtlijst per centrum,decentraal,,,,te_onderzoeken,,"jan 2023: > 2.000 kinderen, 12 maanden tot 2,5 jaar; geen recente centrale cijfers."
opgroeien-kinderopvang,Kinderopvang baby's en peuters,gezin,Agentschap Opgroeien (Lokaal Loket Kinderopvang),Vlaamse Gemeenschap,Opvangvragen via lokale loketten; geen Vlaamse wachtlijst,decentraal,vlpar-sv-852-2025,jaarlijks (opvangvragen via SV; capaciteit Excel per jaar/kwartaal),2025-12-31,proef_uitgewerkt,GEINTEGREERD GEZINSBELEID,"Geen Vlaamse wachtlijst voor gezinnen. Drie schaarste-indicatoren: (1) onbeantwoorde opvangvragen bij de lokale loketten (dubbeltellingen over gemeenten mogelijk), (2) onvervulde behoefte uit steekproefonderzoek (2018: 8,3 %; 2025: 12,0 %), (3) gerangschikte lijst van organisatoren in uitbreidingsrondes (aangevraagd vs toegekend). Capaciteit 2020-2024 bevat ± 2.500 te hoog getelde onthaalouderplaatsen (correctie 04-06-2026)."
opgroeien-pleegzorg,Pleegzorg,jeugdhulp,Opgroeien / diensten voor pleegzorg,Vlaamse Gemeenschap,Kinderen wachtend op pleeggezin (per provinciale dienst),decentraal,,,,te_onderzoeken,JEUGDHULP,"Grotendeels vervat in NRTJ-wachtenden (2.707 verblijfsvragen pleeggezin, 2025)."
onderwijs-buitengewoon,Buitengewoon onderwijs (capaciteit),onderwijs,"AGODI / Departement Onderwijs, LOP's",Vlaamse Gemeenschap,Wachtlijsten per school / LOP-aanmelding; geen centrale registratie,decentraal,,,,in_onderzoek,,"SV 1152 (Werbrouck, 04-09-2025): geen structurele monitoring. Capaciteitsmonitor: tekort ± 5.700 plaatsen 2030-31."
nt2,Nederlands tweede taal (NT2),inburgering,AgII / CVO's / Ligo / UTC,Vlaamse Gemeenschap,Wachtlijsten per aanbieder,decentraal,,,,te_onderzoeken,,Afsprakenkader NT2 vraagt de agentschappen wachtlijsten in kaart te brengen; geen publiek cijfer.
zorg-gezinszorg,Gezinszorg en aanvullende thuiszorg,thuiszorg,Departement Zorg,Vlaamse Gemeenschap,Urencontingent per dienst (MB); wachtlijsten per dienst,decentraal,,,,te_onderzoeken,,Rantsoenering via urencontingent; besparing 2026 ± 30 mln euro.
vsb-zorgbudget,Zorgbudgetten Vlaamse sociale bescherming,zorg,Agentschap VSB / Departement Zorg,Vlaamse Gemeenschap,geen (rechtsgebonden; wel doorlooptijd),geen,vsb-dossiers,jaarlijks,,afgerond,SOCIALE BESCHERMING,Excel-downloads per jaar (dossiers 2017-2024) — bruikbaar als referentie voor open-dataformaat.
ajh-justitiehuizen,"Justitiehuizen (werkstraf, probatie, slachtofferonthaal)",justitie,Agentschap Justitie en Handhaving,Vlaamse Gemeenschap,Niet-opgestarte mandaten (niet geverifieerd),onbekend,,,,te_onderzoeken,,
wonen-premies,Mijn VerbouwPremie / Mijn VerbouwLening / Noodkoopfonds,wonen-energie,Wonen in Vlaanderen / VEKA / Energiehuizen,Vlaams Gewest,geen; Noodkoopfonds werkt met enveloppes per OCMW (lokale lijsten mogelijk),geen,,,,afgerond,,
vwf-woonlening,Vlaamse woonlening (Vlaams Woningfonds),wonen,Vlaams Woningfonds,Vlaams Gewest,geen,geen,,,,afgerond,,
vdab-ibo,Individuele beroepsopleiding (IBO),werk,VDAB,Vlaams Gewest,geen,geen,,,,afgerond,,
